FILENAME,PREDICT_LABEL,TRUE_LABEL,MATCHING,EMBEDDING_SHAPE,ANGER_POSSIBILITY,DISGUST_POSSIBILITY,FEAR_POSSIBILITY,JOY_POSSIBILITY,NEUTRAL_POSSIBILITY,SADNESS_POSSIBILITY,SURPRISE_POSSIBILITY
dia103_utt3.wav,fear,surprise,False,1024,0.06846043,0.03178756,0.37662008,0.2529179,0.11761617,0.07479564,0.077802256
dia103_utt5.wav,sadness,surprise,False,1024,0.112396926,0.037055463,0.0076139667,0.1842298,0.18716346,0.28689772,0.18464264
dia104_utt0.wav,joy,joy,True,1024,0.008972477,0.0013208857,0.13022727,0.43818763,0.0044598775,0.022725701,0.39410612
dia104_utt2.wav,surprise,neutral,False,1024,0.0730278,0.0021884732,0.0015785019,0.20911771,0.060563784,0.16807581,0.4854479
dia106_utt0.wav,anger,anger,True,1024,0.9627059,0.00054213614,0.00013646085,0.020832328,0.0150537165,6.459973e-05,0.000664864
dia109_utt1.wav,joy,joy,True,1024,0.0015730171,0.0001806374,0.0048536784,0.97072697,0.012071333,0.0016798036,0.008914613
dia109_utt6.wav,neutral,neutral,True,1024,0.016762432,6.396047e-05,4.5739267e-05,0.24054669,0.7292474,0.0028558092,0.010477933
dia10_utt0.wav,neutral,anger,False,1024,0.32880247,0.060838096,0.00054787606,0.12007354,0.47626388,0.0047871484,0.008686968
dia10_utt1.wav,neutral,neutral,True,1024,0.20725884,0.0028887047,0.104103625,0.06397446,0.4617971,0.02142541,0.13855185
dia10_utt2.wav,neutral,neutral,True,1024,0.0016630619,0.002055261,1.38645e-05,0.02575059,0.96820706,3.0145033e-05,0.0022799892
dia110_utt0.wav,neutral,surprise,False,1024,0.0040832628,0.0006716143,0.00024936616,0.15369517,0.8276323,0.0002947769,0.0133735025
dia111_utt12.wav,neutral,neutral,True,1024,0.04154271,0.02434888,0.06393962,0.11330773,0.6022225,0.051913016,0.10272549
dia111_utt14.wav,neutral,neutral,True,1024,0.0046336176,0.00024698264,0.048195,0.09423268,0.850533,0.0008443572,0.0013144624
dia113_utt2.wav,joy,joy,True,1024,0.0020070751,4.2636966e-05,0.016863076,0.84109324,0.072421364,0.00016546248,0.067407206
dia113_utt7.wav,anger,anger,True,1024,0.97749805,0.0036072992,0.00032255944,0.009403457,0.0027942054,0.00011292102,0.0062614577
dia114_utt1.wav,sadness,neutral,False,1024,0.022998573,0.05186084,0.00218831,0.059131008,0.41678736,0.42967075,0.01736323
dia114_utt5.wav,joy,joy,True,1024,0.12394641,0.007990362,0.123491086,0.48916662,0.09023389,0.12959504,0.03557655
dia116_utt1.wav,anger,neutral,False,1024,0.33795038,0.006541742,0.0021669804,0.10714685,0.24846968,0.019497637,0.27822673
dia116_utt5.wav,sadness,sadness,True,1024,0.00067742943,0.00051011634,0.0001086549,0.0024115145,0.0004630377,0.99564916,0.00018006004
dia121_utt1.wav,joy,joy,True,1024,0.00079809484,3.228301e-05,0.012155605,0.81388915,0.17112018,0.0014010756,0.00060363533
dia121_utt3.wav,disgust,neutral,False,1024,0.15083869,0.42497548,0.0030027307,0.08160489,0.19279324,0.10496896,0.041816007
dia121_utt5.wav,joy,joy,True,1024,0.029454641,0.0021882327,0.017531717,0.46676,0.15728398,0.039124724,0.28765666
dia125_utt11.wav,joy,joy,True,1024,0.27000925,0.06270391,0.043240193,0.336037,0.014292798,0.22686538,0.046851482
dia125_utt12.wav,neutral,neutral,True,1024,0.0032349294,0.0005832085,0.010769564,0.022053415,0.70790505,0.078294985,0.17715882
dia125_utt14.wav,surprise,surprise,True,1024,0.09472014,0.0048602596,0.0005097364,0.07575034,0.0037232288,0.0036558614,0.81678045
dia125_utt17.wav,surprise,surprise,True,1024,0.021106306,2.7419812e-05,0.0012517404,0.006976106,0.12037286,7.0595706e-05,0.85019493
dia125_utt18.wav,anger,anger,True,1024,0.7936124,0.010620983,0.0086274315,0.16177776,0.012155437,0.0018585892,0.011347343
dia125_utt19.wav,anger,anger,True,1024,0.94092226,0.00018453854,0.0001637252,0.005102046,0.044890817,6.490186e-05,0.008671724
dia125_utt22.wav,sadness,surprise,False,1024,0.22119,0.03325656,0.001479064,0.1913852,0.14416881,0.22400919,0.18451111
dia125_utt4.wav,neutral,neutral,True,1024,0.0033763743,0.00068786385,3.176037e-05,0.09577479,0.89946747,0.00032702865,0.00033476367
dia125_utt7.wav,surprise,surprise,True,1024,0.00052334217,2.3004144e-05,0.0032142664,0.004101143,0.014033583,0.000111007146,0.9779937
dia125_utt8.wav,neutral,neutral,True,1024,0.030310003,0.007679044,2.0777476e-05,0.00062611554,0.9608124,2.76231e-06,0.00054896844
dia125_utt9.wav,neutral,neutral,True,1024,0.00018361006,4.8098877e-06,0.0032344367,0.0169848,0.970432,0.0002866976,0.008873626
dia129_utt4.wav,disgust,neutral,False,1024,0.08580523,0.63113874,0.0031734435,0.115362965,0.037860114,0.113061935,0.013597583
dia131_utt7.wav,neutral,neutral,True,1024,0.002733049,0.00016481774,0.0010600608,0.09673616,0.8955279,0.00071318256,0.0030648469
dia132_utt13.wav,surprise,neutral,False,1024,0.22842664,0.04112279,0.011578354,0.19533516,0.18101299,0.10264186,0.23988216
dia132_utt14.wav,anger,neutral,False,1024,0.28267577,0.013209692,0.0014126585,0.2219873,0.12991145,0.1328471,0.2179561
dia132_utt18.wav,sadness,neutral,False,1024,0.11367908,0.14329235,0.009639224,0.14486702,0.060745895,0.45612374,0.07165273
dia132_utt6.wav,neutral,neutral,True,1024,0.06384645,0.21246539,0.00415239,0.0945355,0.39403567,0.1830438,0.047920804
dia132_utt8.wav,neutral,neutral,True,1024,0.013033348,0.00063908467,0.011977166,0.16062258,0.8043172,6.0518596e-06,0.00940463
dia137_utt10.wav,surprise,surprise,True,1024,0.006913181,2.5956374e-06,5.74384e-05,0.04844419,0.11539426,0.0003216082,0.82886684
dia137_utt12.wav,surprise,surprise,True,1024,0.03527717,0.15432708,0.00023251872,0.112471275,0.11355697,0.02953991,0.5545951
dia137_utt13.wav,anger,anger,True,1024,0.9038773,0.010581434,0.0005816307,0.007887969,0.051264226,0.016245218,0.009562159
dia137_utt14.wav,anger,anger,True,1024,0.95326316,0.035274018,0.00011662437,0.002869263,0.0059422785,0.0002910144,0.0022437433
dia140_utt0.wav,neutral,anger,False,1024,0.19540149,0.014652084,0.0060623195,0.09481519,0.54875624,0.06999059,0.07032216
dia140_utt11.wav,anger,anger,True,1024,0.9605689,1.0082609e-05,4.5124118e-05,0.016820962,0.022396458,1.1850829e-05,0.00014671867
dia140_utt13.wav,sadness,sadness,True,1024,0.028650843,0.1466083,0.06609406,0.020768441,0.0038009577,0.72622705,0.007850379
dia140_utt8.wav,disgust,sadness,False,1024,0.0035804193,0.8800807,0.0102038635,0.0098866,0.0076765325,0.08714754,0.0014243323
dia140_utt9.wav,joy,joy,True,1024,0.0011282498,0.0036357571,0.00010607981,0.97884434,0.011579088,0.001561456,0.0031449315
dia147_utt10.wav,joy,joy,True,1024,0.023666233,0.009411572,0.021688286,0.83939195,0.07359417,0.0053839143,0.026863847
dia147_utt2.wav,sadness,sadness,True,1024,0.015225469,0.0018202588,0.04336432,0.1016712,0.029295612,0.73146653,0.07715668
dia14_utt1.wav,joy,joy,True,1024,0.002483209,0.007573128,0.00035875794,0.79626775,0.022731295,0.00046280623,0.17012309
dia14_utt4.wav,neutral,neutral,True,1024,0.013512255,0.00065544166,0.048036393,0.3359045,0.5632118,0.00037915792,0.03830045
dia14_utt5.wav,joy,neutral,False,1024,0.18991841,0.003984458,0.00064792327,0.3709888,0.08484868,0.18791707,0.16169472
dia153_utt2.wav,neutral,neutral,True,1024,0.05667784,0.011102849,0.00858305,0.02180918,0.8849676,0.0045057437,0.0123538
dia153_utt3.wav,surprise,neutral,False,1024,0.23723553,0.001195207,0.00012815914,0.1430966,0.22255354,0.064517386,0.3312736
dia153_utt4.wav,fear,fear,True,1024,0.0015446972,9.3031485e-06,0.9066404,0.016158905,0.060694844,0.00040495317,0.014546837
dia153_utt7.wav,disgust,neutral,False,1024,0.087483115,0.73720783,0.0014528822,0.09892686,0.02005053,0.028752606,0.02612614
dia154_utt4.wav,neutral,neutral,True,1024,0.0007446328,0.00011227141,0.015990393,0.22958237,0.7350185,3.5876947e-05,0.018515997
dia157_utt0.wav,neutral,neutral,True,1024,0.00096227915,0.00074270373,0.00027785884,0.0010204324,0.762745,4.7144593e-05,0.2342046
dia157_utt1.wav,anger,neutral,False,1024,0.3583225,0.0035396693,0.0001873554,0.15191294,0.18625265,0.042443596,0.2573413
dia157_utt3.wav,joy,neutral,False,1024,0.063701004,0.0709153,0.08626384,0.39164305,0.08088003,0.24585891,0.060737852
dia157_utt7.wav,neutral,neutral,True,1024,0.0016490597,0.00041631606,0.00044987735,0.10593925,0.88002586,0.0036190676,0.007900675
dia15_utt5.wav,anger,anger,True,1024,0.23831543,0.18054949,0.025624169,0.16274758,0.1593978,0.13637803,0.09698749
dia160_utt9.wav,anger,anger,True,1024,0.74731344,0.055848192,0.0035168813,0.022299968,0.07432778,0.055354897,0.04133883
dia164_utt4.wav,neutral,neutral,True,1024,0.0053108586,0.08847849,0.0015794775,0.016700214,0.63367915,0.018794222,0.23545758
dia166_utt1.wav,anger,anger,True,1024,0.3636835,0.006630022,0.00022922481,0.14782304,0.21504259,0.046874195,0.21971744
dia166_utt10.wav,neutral,neutral,True,1024,0.0024965098,0.0003728865,0.0034619116,0.20988269,0.7456643,0.02217614,0.015945537
dia166_utt11.wav,neutral,neutral,True,1024,0.016430786,0.00040242155,0.00015480578,0.015566658,0.8650103,0.00031948354,0.10211547
dia166_utt12.wav,neutral,neutral,True,1024,0.004389035,0.02986055,1.675121e-07,0.00024804508,0.95961535,9.0950505e-07,0.0058860607
dia166_utt13.wav,neutral,neutral,True,1024,0.002273669,0.0015739546,0.00048826708,0.010442373,0.9778636,0.0036505244,0.0037075644
dia166_utt3.wav,anger,anger,True,1024,0.6938235,0.0014981764,0.009551703,0.16905947,0.092565306,0.008548405,0.024953408
dia166_utt5.wav,sadness,sadness,True,1024,0.014928554,0.0018211206,0.0006187091,0.108694986,0.0366,0.78064317,0.05669345
dia166_utt9.wav,neutral,neutral,True,1024,0.0015564839,0.0002918989,0.00017333374,0.019874793,0.975567,0.0015708654,0.00096551556
dia168_utt0.wav,surprise,neutral,False,1024,0.026807012,0.022261469,0.0001822352,0.03223941,0.25390542,0.0019053142,0.6626991
dia168_utt11.wav,anger,anger,True,1024,0.50394195,0.0006714236,0.010069095,0.14232624,0.18158191,0.14324138,0.018167993
dia168_utt2.wav,joy,neutral,False,1024,0.019637337,0.297984,0.001470286,0.3822885,0.28915873,0.0054508373,0.004010389
dia169_utt14.wav,neutral,neutral,True,1024,0.10323234,0.03691874,0.00055483816,0.1803164,0.5079597,0.078440234,0.09257774
dia169_utt18.wav,disgust,disgust,True,1024,0.00058175303,0.9976023,3.7298165e-08,3.9646355e-05,0.0009915523,1.30641465e-05,0.00077166944
dia169_utt20.wav,neutral,neutral,True,1024,0.14723219,0.015367805,0.0007915807,0.07213851,0.5714765,0.003050781,0.18994258
dia169_utt5.wav,surprise,surprise,True,1024,0.14695431,0.0060186908,0.055268593,0.13012305,0.21705852,0.12157227,0.32300457
dia169_utt8.wav,surprise,surprise,True,1024,0.017942917,0.0029525554,0.013854374,0.0689782,0.07276554,0.0007758813,0.8227305
dia16_utt1.wav,neutral,neutral,True,1024,0.0043446845,0.0066977623,0.0055678133,0.15724099,0.8217348,0.0020544387,0.002359594
dia16_utt2.wav,neutral,neutral,True,1024,0.008758786,0.0007157625,0.0019716583,0.14911263,0.7478909,0.032366224,0.059184045
dia170_utt0.wav,surprise,surprise,True,1024,0.04111482,0.008214612,0.16201824,0.08162924,0.15055263,0.038752954,0.5177175
dia176_utt0.wav,neutral,neutral,True,1024,0.03941872,0.01973836,0.000876467,0.07456185,0.85538393,0.0020628124,0.007957915
dia179_utt1.wav,anger,anger,True,1024,0.7732405,0.0020496962,0.08267085,0.04406235,0.08815014,0.00096675387,0.008859706
dia17_utt2.wav,neutral,neutral,True,1024,0.003531285,0.0004654542,0.0021427888,0.037903953,0.8576013,0.0009698267,0.09738541
dia181_utt0.wav,neutral,neutral,True,1024,0.008094695,0.0025927527,0.12572128,0.12797959,0.5024069,0.06774091,0.16546391
dia183_utt1.wav,joy,neutral,False,1024,0.25293347,0.010142219,0.075644284,0.28303877,0.22683908,0.06921918,0.08218305
dia183_utt4.wav,sadness,neutral,False,1024,0.20751409,0.04437158,0.0029282332,0.15179834,0.17401919,0.2589224,0.16044623
dia183_utt5.wav,neutral,neutral,True,1024,0.011494683,0.016227534,0.035901606,0.19078751,0.69252795,0.023679731,0.02938096
dia183_utt6.wav,sadness,neutral,False,1024,0.048257075,0.014990306,0.0036577168,0.19176449,0.24914365,0.35779437,0.13439237
dia183_utt8.wav,neutral,neutral,True,1024,0.0028185952,3.647566e-05,0.00012177004,0.021650147,0.97281986,0.0007287883,0.0018242528
dia185_utt3.wav,joy,joy,True,1024,0.004733087,0.00026821514,0.0114250025,0.69907147,0.06697167,0.0010844626,0.21644604
dia185_utt7.wav,sadness,neutral,False,1024,0.07178342,0.1264979,0.0813254,0.13732429,0.15729883,0.27453113,0.15123905
dia186_utt3.wav,sadness,sadness,True,1024,0.049693774,0.14114402,0.008385065,0.010488817,0.00086604065,0.78057736,0.008844914
dia188_utt0.wav,surprise,neutral,False,1024,0.27691677,0.0029361479,0.00052236253,0.16918974,0.16941963,0.03864042,0.34237486
dia188_utt8.wav,joy,joy,True,1024,0.010047059,2.1644848e-05,0.0037403726,0.9383892,0.021675767,0.01962036,0.0065056067
dia189_utt0.wav,joy,joy,True,1024,0.09969316,0.00063834747,0.20742881,0.598019,0.069893286,0.010280937,0.014046475
dia189_utt4.wav,sadness,neutral,False,1024,0.12196042,0.016633555,0.0020558294,0.18416268,0.076161735,0.50017565,0.09885015
dia189_utt5.wav,neutral,neutral,True,1024,0.004710104,0.000367147,0.0149773685,0.015705978,0.9385707,0.019716531,0.0059522446
dia189_utt7.wav,surprise,surprise,True,1024,0.0039019154,0.00034423513,4.13608e-05,6.0156995e-05,0.002037866,5.3145457e-05,0.9935614
dia198_utt2.wav,anger,anger,True,1024,0.92438936,0.00034489256,0.00095119874,0.05765487,0.012903189,0.00040350782,0.0033531024
dia198_utt6.wav,joy,joy,True,1024,0.034991253,0.002067163,0.0057494235,0.93611073,0.017672222,0.0010110582,0.00239823
dia198_utt7.wav,joy,joy,True,1024,0.38920778,0.00093393377,0.010412259,0.54178154,0.010414341,0.016336896,0.030913284
dia198_utt8.wav,anger,anger,True,1024,0.9415368,0.0035293049,0.024894599,0.010819879,0.001991324,0.0075399657,0.009688112
dia1_utt0.wav,sadness,neutral,False,1024,0.22442585,0.014246196,0.007945378,0.23859097,0.15841435,0.27322778,0.08314945
dia1_utt4.wav,joy,joy,True,1024,0.019832054,0.001831583,0.00029593462,0.81464034,0.15992105,0.0030825378,0.00039650232
dia201_utt0.wav,neutral,neutral,True,1024,0.18888694,0.00047441604,0.0068648597,0.053120628,0.652703,0.0182327,0.07971743
dia201_utt10.wav,surprise,surprise,True,1024,0.00153519,3.3028413e-05,0.06013835,0.021499341,0.0036901282,0.0071310224,0.905973
dia201_utt2.wav,fear,joy,False,1024,0.026940031,0.0417986,0.61518,0.0877794,0.0426076,0.10101695,0.08467739
dia201_utt3.wav,neutral,neutral,True,1024,0.042603213,0.0019302351,0.0016318433,0.101008534,0.6249544,0.10804797,0.11982383
dia201_utt6.wav,joy,neutral,False,1024,0.117949806,0.0028598802,0.001344416,0.34866217,0.13132806,0.12706675,0.2707889
dia201_utt8.wav,sadness,anger,False,1024,0.18273951,0.040183917,0.11089311,0.2915378,0.008919668,0.32988596,0.03584009
dia202_utt0.wav,neutral,neutral,True,1024,0.0019352338,2.3149802e-05,0.00011625314,0.029309124,0.9669533,4.5888526e-05,0.0016170818
dia202_utt2.wav,joy,joy,True,1024,0.007278495,0.008252127,0.003164797,0.9350195,0.03275697,0.0037084585,0.009819698
dia205_utt1.wav,anger,anger,True,1024,0.88744897,0.0016126649,0.028119424,0.027450766,0.0039876746,0.012610655,0.03876995
dia206_utt0.wav,joy,joy,True,1024,0.024085183,0.0047989986,0.002207838,0.85759205,0.08591722,0.021412715,0.00398601
dia208_utt1.wav,joy,neutral,False,1024,0.016649174,3.6565827e-06,3.124185e-05,0.48767978,0.35066164,0.048921,0.09605349
dia208_utt10.wav,anger,neutral,False,1024,0.25342914,0.019419957,0.0012029293,0.21704364,0.15171812,0.15658098,0.20060524
dia208_utt2.wav,anger,neutral,False,1024,0.62040854,0.04063263,0.0019592252,0.10742379,0.09643547,0.09419637,0.038943972
dia208_utt4.wav,sadness,sadness,True,1024,0.01895872,0.0017034881,0.00058090856,0.09332385,0.026075892,0.8145087,0.044848476
dia208_utt6.wav,neutral,neutral,True,1024,0.13883722,0.014267059,0.06530317,0.19089323,0.2867154,0.062417448,0.24156648
dia208_utt8.wav,surprise,surprise,True,1024,0.029634675,0.04310318,0.004034161,0.1628335,0.03739239,0.0022091467,0.7207929
dia20_utt1.wav,sadness,neutral,False,1024,0.16269179,0.08223694,0.0031522124,0.11045253,0.07238818,0.51887953,0.050198805
dia20_utt7.wav,neutral,neutral,True,1024,0.0044611488,0.0026097,0.00024635333,0.0136606665,0.96262074,0.00019530629,0.016206065
dia211_utt7.wav,neutral,neutral,True,1024,0.0049840743,0.0053095687,0.0075434186,0.037991077,0.8181083,0.1094861,0.016577424
dia214_utt2.wav,neutral,neutral,True,1024,0.11121857,0.0010631622,0.005232314,0.14470632,0.71455973,0.010257092,0.012962816
dia214_utt3.wav,sadness,neutral,False,1024,0.16588748,0.19168833,0.055894986,0.16067907,0.03201658,0.37218085,0.021652695
dia214_utt4.wav,sadness,sadness,True,1024,0.16012822,0.071881235,0.031520393,0.17918228,0.06567916,0.3335317,0.15807697
dia216_utt3.wav,joy,neutral,False,1024,0.008760746,0.0073635983,0.01168525,0.68218964,0.092125386,0.050901283,0.14697404
dia227_utt2.wav,sadness,neutral,False,1024,0.07137603,0.07167111,0.04488224,0.21772355,0.039758187,0.5406471,0.013941856
dia229_utt5.wav,joy,joy,True,1024,0.25958648,0.0079483325,0.0017815278,0.28905693,0.24426886,0.012289486,0.18506835
dia229_utt6.wav,neutral,neutral,True,1024,0.009075418,0.0007159217,0.0016946383,0.102628425,0.73150694,0.0014483732,0.15293027
dia229_utt8.wav,neutral,neutral,True,1024,0.00927093,0.004776204,0.0019312537,0.020813948,0.9386495,0.002987652,0.021570498
dia230_utt0.wav,neutral,neutral,True,1024,0.20276612,0.048240796,0.0024870455,0.15004407,0.2706868,0.13677049,0.18900467
dia231_utt11.wav,disgust,disgust,True,1024,0.008154529,0.9628967,0.00015264156,0.008060405,0.012499843,0.0028820792,0.005353843
dia231_utt9.wav,fear,fear,True,1024,0.021557622,0.002235793,0.9564677,0.0053224303,0.002971682,0.010085249,0.0013595164
dia237_utt1.wav,anger,neutral,False,1024,0.6140845,0.001071462,0.004411786,0.010523661,0.2267507,0.0005916571,0.14256617
dia240_utt13.wav,joy,neutral,False,1024,0.09336789,0.19765007,0.014639115,0.44287637,0.080305904,0.0088391695,0.16232146
dia240_utt15.wav,sadness,sadness,True,1024,0.012728934,0.01842154,0.002878391,0.022939568,0.0034109268,0.92970556,0.009915058
dia240_utt4.wav,surprise,surprise,True,1024,0.034072902,0.00010122192,0.0038486253,0.11560144,0.08046474,0.0063014813,0.7596095
dia240_utt7.wav,disgust,joy,False,1024,0.10379488,0.26840523,0.018039932,0.2203745,0.1163093,0.17967117,0.09340509
dia240_utt9.wav,joy,joy,True,1024,0.11927092,0.0051593035,0.14787777,0.500278,0.19574127,0.0007287617,0.030944025
dia241_utt1.wav,joy,joy,True,1024,0.030186614,0.049229622,0.07312398,0.6382065,0.01364109,0.17556426,0.020047931
dia241_utt2.wav,joy,joy,True,1024,0.06717826,0.0057258373,0.0024315806,0.79641753,0.11002199,0.008771277,0.009453473
dia241_utt7.wav,surprise,surprise,True,1024,0.02322942,0.0046769152,0.0009609701,0.014900948,0.37548923,0.0012769281,0.5794656
dia241_utt9.wav,sadness,joy,False,1024,0.066177584,0.12147246,0.028862655,0.24748793,0.004059045,0.37303528,0.15890501
dia246_utt10.wav,joy,neutral,False,1024,0.028010085,0.0122136045,0.0006455373,0.6097308,0.30980456,0.0019118221,0.037683558
dia246_utt11.wav,joy,neutral,False,1024,0.15734226,0.1147475,0.03405172,0.43243176,0.15039219,0.06330191,0.047732677
dia250_utt5.wav,surprise,surprise,True,1024,0.043371763,0.018481871,0.00039878345,0.011665653,0.0913664,0.0062679583,0.8284475
dia252_utt14.wav,surprise,neutral,False,1024,0.036820848,0.0372298,0.00016689699,0.006691547,0.030768337,0.1167865,0.77153593
dia252_utt15.wav,anger,neutral,False,1024,0.3183764,0.121707425,0.0008328079,0.10609718,0.19925398,0.050797805,0.20293441
dia252_utt16.wav,neutral,neutral,True,1024,0.0323339,0.0018869574,0.0070556323,0.20880194,0.66942835,0.0015310547,0.07896225
dia252_utt18.wav,neutral,neutral,True,1024,0.0019005182,2.6076274e-05,6.663294e-05,0.03802387,0.95868766,0.00018317254,0.0011120897
dia254_utt15.wav,anger,anger,True,1024,0.94556755,0.006330145,9.176595e-07,0.0029840486,0.032317627,1.5195427e-06,0.012798268
dia254_utt6.wav,anger,anger,True,1024,0.7006377,0.0008999691,0.05094786,0.14041536,0.012429409,0.037541054,0.05712861
dia254_utt8.wav,sadness,neutral,False,1024,0.13490504,0.031202665,0.0022520896,0.22100404,0.13817555,0.31967697,0.15278368
dia257_utt0.wav,sadness,neutral,False,1024,0.0048795473,0.00085817603,0.00087384897,0.11337665,0.088113025,0.7185184,0.073380396
dia257_utt2.wav,disgust,neutral,False,1024,0.07968697,0.30735785,0.012569694,0.17406121,0.11103766,0.27033547,0.044951204
dia258_utt1.wav,surprise,neutral,False,1024,0.2561003,0.0005372866,0.0002369572,0.15386511,0.15094624,0.047990497,0.39032358
dia258_utt11.wav,sadness,joy,False,1024,0.035889972,0.02571327,0.0032779523,0.26058328,0.029984793,0.5749102,0.06964047
dia258_utt3.wav,neutral,neutral,True,1024,0.051956303,0.00010424814,0.033029657,0.13631438,0.7724902,0.0034000902,0.0027050923
dia258_utt4.wav,neutral,neutral,True,1024,0.009839483,0.005034592,0.0022045104,0.0855852,0.7367753,0.010034123,0.15052687
dia258_utt7.wav,joy,neutral,False,1024,0.18675876,0.048372053,0.00387779,0.23541911,0.17024505,0.1789369,0.17639032
dia260_utt3.wav,joy,joy,True,1024,0.060600158,0.0010813165,0.009664106,0.5553177,0.3424168,0.0005182472,0.030401705
dia260_utt5.wav,sadness,neutral,False,1024,0.009437763,0.0011740025,0.0006630882,0.2938548,0.017563522,0.6064306,0.070876166
dia260_utt7.wav,neutral,neutral,True,1024,0.000750525,0.0013416936,0.00040637315,0.03675012,0.946788,0.00016070883,0.013802497
dia261_utt0.wav,surprise,surprise,True,1024,0.0077593597,1.19121705e-05,2.2873623e-05,0.0035085569,0.09057585,1.9482624e-05,0.8981019
dia261_utt6.wav,sadness,neutral,False,1024,0.005191139,0.031600125,0.004190627,0.026084023,0.034392614,0.88534075,0.013200794
dia261_utt8.wav,neutral,neutral,True,1024,0.07843458,0.014972013,0.20255423,0.23009048,0.33861026,0.015709423,0.11962901
dia263_utt1.wav,neutral,neutral,True,1024,0.00028137898,1.9453225e-06,9.599122e-06,0.0067345505,0.9920294,0.00090192736,4.111524e-05
dia263_utt6.wav,joy,joy,True,1024,0.038733475,0.0019829383,0.043287184,0.74435836,0.11250615,0.050707992,0.008423929
dia264_utt0.wav,surprise,anger,False,1024,0.17794633,0.08833906,0.014779293,0.27318725,0.038553998,0.07441025,0.3327838
dia264_utt2.wav,surprise,surprise,True,1024,0.007051426,2.25826e-05,0.00016124849,0.0057651955,0.12411886,5.1142895e-05,0.8628295
dia267_utt10.wav,neutral,neutral,True,1024,0.0103263,0.00028889513,0.023161864,0.17079577,0.78858036,0.0014199055,0.0054268823
dia267_utt3.wav,sadness,sadness,True,1024,0.00093387143,1.4921407e-05,0.0012030175,0.0048957923,0.0015469887,0.9910132,0.00039226518
dia267_utt5.wav,surprise,surprise,True,1024,0.00025162642,5.2958425e-05,0.0038562296,0.038892798,0.050422423,0.0007914995,0.90573245
dia267_utt8.wav,sadness,sadness,True,1024,0.009616917,0.001775997,3.2794494e-05,0.0062946673,0.00805417,0.97336245,0.00086288113
dia271_utt2.wav,neutral,neutral,True,1024,0.017787937,0.003914838,0.046536885,0.095313035,0.82647604,0.00616218,0.0038090388
dia274_utt2.wav,sadness,anger,False,1024,0.05740591,0.19380163,0.22726126,0.11723868,0.0140553415,0.27513376,0.11510342
dia275_utt1.wav,sadness,neutral,False,1024,0.14182305,0.028038861,0.05186511,0.13951792,0.09457596,0.34049314,0.203686
dia28_utt16.wav,neutral,neutral,True,1024,0.007543474,0.0027059792,0.005130474,0.012364874,0.8624849,0.0062865703,0.103483744
dia37_utt1.wav,surprise,neutral,False,1024,0.08668758,0.0012238916,0.015032223,0.049500346,0.121865235,0.2605394,0.46515134
dia38_utt1.wav,joy,joy,True,1024,0.016736733,0.007948345,0.0001220781,0.67937505,0.28182518,0.00011780961,0.013874797
dia38_utt3.wav,joy,joy,True,1024,0.08246286,0.0062971134,0.25851065,0.30625007,0.30146608,0.018685801,0.026327422
dia43_utt1.wav,neutral,neutral,True,1024,0.2183813,0.018568829,0.005935395,0.16665566,0.26519892,0.07928358,0.24597633
dia47_utt0.wav,sadness,sadness,True,1024,0.00020786416,0.00039115324,0.001165537,0.0100908475,0.016815512,0.9701826,0.0011464335
dia47_utt10.wav,sadness,neutral,False,1024,0.012017828,0.0011629974,0.032914016,0.12318761,0.012013232,0.6882471,0.13045721
dia47_utt6.wav,sadness,sadness,True,1024,0.009086721,5.623349e-06,0.00028249726,0.005841779,0.0008709989,0.97539014,0.008522299
dia49_utt2.wav,neutral,neutral,True,1024,0.0011913064,5.3215146e-05,2.5171576e-05,0.07979281,0.9141629,0.0011964865,0.003578138
dia49_utt6.wav,neutral,neutral,True,1024,0.05756704,0.013764781,0.0006456715,0.16236216,0.75083226,0.012285021,0.0025431023
dia4_utt5.wav,fear,fear,True,1024,0.0066911373,1.945548e-06,0.985252,0.00012857634,2.3034754e-05,9.7961725e-05,0.0078053125
dia4_utt8.wav,neutral,neutral,True,1024,0.00044350457,0.00018099869,0.0021629946,0.0022177724,0.9945075,9.8155535e-05,0.00038912185
dia51_utt2.wav,neutral,neutral,True,1024,0.006046303,0.0012027898,3.3348973e-05,0.035036866,0.95240706,0.0045076455,0.0007658905
dia52_utt7.wav,surprise,surprise,True,1024,0.0011671301,0.0002981922,0.0027222943,0.07920171,0.008219225,3.7645052e-06,0.9083878
dia52_utt9.wav,neutral,neutral,True,1024,0.0074378992,5.6885576e-05,0.00071051763,0.09696637,0.87013566,0.0009748147,0.023717798
dia5_utt8.wav,neutral,neutral,True,1024,0.0004447756,8.5012834e-07,0.00049537374,0.011611992,0.9872334,3.542585e-05,0.00017830123
dia64_utt10.wav,neutral,neutral,True,1024,0.17468359,0.051035285,0.014829483,0.20778807,0.21440484,0.21389954,0.12335926
dia64_utt11.wav,anger,neutral,False,1024,0.3832443,0.08955112,0.023801092,0.19413693,0.050614007,0.10931576,0.14933677
dia64_utt12.wav,fear,sadness,False,1024,0.07874419,0.106230214,0.24189612,0.21971443,0.04581345,0.23819163,0.06940993
dia64_utt14.wav,surprise,surprise,True,1024,0.03990292,0.24238619,0.019623624,0.08102015,0.0018078232,0.015940337,0.5993189
dia64_utt16.wav,neutral,neutral,True,1024,0.047493946,0.030741822,0.00016785573,0.046956316,0.68295604,2.5822992e-05,0.1916583
dia65_utt10.wav,surprise,surprise,True,1024,0.030708794,0.006496819,0.034694888,0.11116415,0.010800367,0.0066648247,0.7994701
dia65_utt3.wav,disgust,disgust,True,1024,0.031152936,0.92241853,0.0009231753,0.008241173,0.014089637,0.0025618032,0.02061281
dia68_utt1.wav,anger,anger,True,1024,0.25048387,0.18827997,0.03172952,0.1712583,0.15193242,0.12158531,0.08473058
dia68_utt10.wav,neutral,neutral,True,1024,0.027968088,5.546185e-06,2.2051945e-06,0.044845834,0.88488656,1.0778057e-05,0.04228094
dia68_utt12.wav,joy,joy,True,1024,0.0005771614,0.00045652455,0.0030383857,0.8823591,0.10992892,0.00022430203,0.003415551
dia68_utt14.wav,neutral,neutral,True,1024,0.24522799,0.005535035,0.006148153,0.15181617,0.46038234,0.009753086,0.12113724
dia68_utt2.wav,neutral,neutral,True,1024,0.037348527,0.0003716814,0.013405423,0.06200946,0.6506944,0.013053719,0.22311677
dia68_utt4.wav,neutral,neutral,True,1024,0.084447466,0.00603207,0.00023271707,0.030450808,0.80185163,0.0023555765,0.07462972
dia68_utt6.wav,neutral,neutral,True,1024,0.062391058,0.0012401163,0.0007275505,0.0041168453,0.91034895,0.0007268761,0.020448608
dia68_utt8.wav,neutral,neutral,True,1024,0.014428652,0.00024156243,0.00036304304,0.07348251,0.8743558,0.00057845225,0.036549926
dia6_utt0.wav,neutral,neutral,True,1024,0.055457786,0.04749469,0.061391536,0.1717174,0.6350951,0.0112020625,0.017641388
dia70_utt0.wav,surprise,neutral,False,1024,0.08394417,0.0010206959,0.00015909721,0.14668952,0.341638,0.0026829012,0.42386556
dia70_utt10.wav,disgust,disgust,True,1024,0.058071066,0.6836965,0.004059527,0.09359527,0.028690444,0.06720046,0.06468682
dia70_utt11.wav,anger,anger,True,1024,0.9713174,0.00023828876,4.5700115e-05,0.006289795,0.017988387,6.344567e-05,0.0040569846
dia70_utt14.wav,fear,anger,False,1024,0.312774,0.024149105,0.3703767,0.11638908,0.0056897914,0.01148232,0.15913896
dia70_utt15.wav,sadness,sadness,True,1024,0.11710694,0.06665012,0.25576204,0.11583326,0.0010580625,0.4167238,0.0268658
dia70_utt16.wav,sadness,sadness,True,1024,0.10863846,0.04226487,0.28304458,0.15225078,0.008097631,0.3739522,0.031751517
dia70_utt2.wav,anger,neutral,False,1024,0.36215988,0.2505991,0.019483343,0.12720615,0.027189903,0.03236049,0.18100111
dia70_utt4.wav,sadness,neutral,False,1024,0.09070203,0.11074224,0.020470176,0.08874112,0.18672621,0.3987855,0.10383273
dia70_utt8.wav,fear,sadness,False,1024,0.04315628,0.0012482364,0.84156626,0.047826126,0.00034096697,0.0021482718,0.063713804
dia71_utt0.wav,joy,joy,True,1024,0.019640937,5.2394214e-05,0.0052641686,0.83836865,0.12316115,0.0019313423,0.01158131
dia71_utt11.wav,surprise,neutral,False,1024,0.032200873,0.00013189473,0.00060377753,0.32937214,0.16575342,0.020052742,0.45188516
dia71_utt13.wav,fear,fear,True,1024,0.0076903603,4.4592918e-05,0.9897685,0.00073980086,7.4977455e-05,2.719598e-05,0.0016546181
dia71_utt2.wav,joy,joy,True,1024,0.003915377,0.0007198504,0.006087206,0.9080097,0.054895807,0.00084106287,0.02553104
dia71_utt7.wav,neutral,neutral,True,1024,0.027154036,0.022138994,0.0005479722,0.15542553,0.6419181,0.006131777,0.1466836
dia71_utt8.wav,sadness,neutral,False,1024,0.07426009,0.002308649,0.009742349,0.30454552,0.052121855,0.54059786,0.01642366
dia71_utt9.wav,anger,neutral,False,1024,0.64677054,0.0153371,0.0044352263,0.041445717,0.2691623,0.00058362377,0.022265563
dia73_utt2.wav,anger,anger,True,1024,0.753861,0.016652485,0.0011961691,0.14667949,0.026954787,0.031383805,0.02327223
dia73_utt9.wav,neutral,neutral,True,1024,0.061102327,0.017814307,0.0363804,0.11289688,0.62056917,0.07861951,0.07261736
dia74_utt1.wav,neutral,neutral,True,1024,0.017460927,0.0027182929,0.0004735376,0.028012348,0.9471313,0.00011462013,0.0040890714
dia7_utt2.wav,neutral,neutral,True,1024,0.046789765,0.011004185,0.0048012966,0.35302362,0.40731624,0.041688997,0.13537586
dia7_utt8.wav,neutral,neutral,True,1024,0.00059585314,0.00012863065,0.019415682,0.018212374,0.9117184,0.005600734,0.044328324
dia80_utt2.wav,disgust,disgust,True,1024,0.044319652,0.72814214,0.0066351793,0.19353017,0.0016054164,0.016255096,0.00951229
dia80_utt6.wav,neutral,neutral,True,1024,0.14688505,0.00041399055,0.0003035382,0.027444266,0.57047313,0.0017001418,0.25277984
dia80_utt9.wav,surprise,neutral,False,1024,0.27589193,0.0003166841,5.9324073e-05,0.21690193,0.10211903,0.0565736,0.3481375
dia85_utt0.wav,surprise,neutral,False,1024,0.11907821,0.038118772,0.012146201,0.12125471,0.1998512,0.037571725,0.47197914
dia85_utt2.wav,anger,anger,True,1024,0.8277082,0.0001210361,0.00037009118,0.050937884,0.01393565,6.2082225e-05,0.10686515
dia85_utt3.wav,anger,anger,True,1024,0.49184746,0.025058717,0.03619002,0.049637396,0.32973653,0.0040178197,0.06351197
dia85_utt5.wav,anger,anger,True,1024,0.7322464,0.026790213,0.0058117076,0.12515736,0.04832946,0.007369548,0.05429532
dia88_utt8.wav,sadness,sadness,True,1024,0.07925186,0.02119849,0.0001945689,0.07668062,0.034606427,0.7189548,0.06911326
dia91_utt0.wav,disgust,neutral,False,1024,0.0040512425,0.9148491,0.00017018242,0.016604314,0.06297481,0.0009004011,0.0004500379
dia93_utt0.wav,sadness,sadness,True,1024,0.22049886,0.0101899905,0.00064651505,0.26199222,0.003586255,0.45465398,0.04843218
dia93_utt12.wav,surprise,anger,False,1024,0.2308893,0.0022739435,0.0011608087,0.16387999,0.18742058,0.07588775,0.33848768
dia93_utt14.wav,neutral,neutral,True,1024,0.008068154,0.023248056,0.00010120447,0.015771916,0.9265283,4.431306e-06,0.026277944
dia93_utt2.wav,neutral,neutral,True,1024,0.055868622,0.0013923895,0.004642449,0.15578556,0.6910899,0.0074186157,0.08380245
dia93_utt8.wav,neutral,neutral,True,1024,0.0030868477,0.0005752514,0.00080373103,0.0044172253,0.95070916,2.7302744e-05,0.040380444
dia96_utt0.wav,neutral,neutral,True,1024,0.019474281,0.00018444331,0.0014581431,0.0100430455,0.96061355,0.00054064585,0.007685868
dia96_utt2.wav,joy,joy,True,1024,0.013722122,0.0005523498,0.0004996583,0.7795522,0.20071113,1.1029871e-05,0.0049515166
dia96_utt4.wav,joy,joy,True,1024,0.12144235,0.0032894288,0.00033885715,0.37737975,0.1447969,0.1609408,0.19181189
dia97_utt0.wav,joy,joy,True,1024,0.114336275,0.0021415246,0.00045324417,0.39047062,0.13611226,0.13580751,0.22067854
dia97_utt10.wav,neutral,neutral,True,1024,0.066943064,0.021536497,0.0008740092,0.094919994,0.5822468,0.06968212,0.16379756
dia97_utt2.wav,neutral,neutral,True,1024,0.006372567,0.001423287,0.005904699,0.029599415,0.8483615,0.02772547,0.080613054
dia97_utt6.wav,neutral,neutral,True,1024,0.035461847,0.012327059,0.011629759,0.14955214,0.72021765,0.06346392,0.0073476033
dia97_utt7.wav,joy,neutral,False,1024,0.03992078,0.06971187,0.00036042588,0.40216085,0.13184181,0.3353769,0.020627402
dia97_utt9.wav,disgust,neutral,False,1024,0.19645537,0.32772362,0.0104267225,0.18154983,0.16631643,0.084261365,0.03326667
dia99_utt2.wav,neutral,neutral,True,1024,0.114576586,0.015008126,0.005337546,0.1800231,0.44668293,0.06816798,0.17020372
dia99_utt4.wav,joy,neutral,False,1024,0.070765495,0.25196177,0.006069863,0.31635666,0.19316147,0.09818011,0.06350463
dia99_utt8.wav,sadness,neutral,False,1024,0.14448068,0.029377952,0.003669057,0.2358777,0.19799839,0.25667846,0.13191783
dia9_utt5.wav,neutral,neutral,True,1024,0.061148945,0.0022127642,0.004393512,0.26227134,0.55696625,0.10492073,0.008086476
dia9_utt8.wav,sadness,sadness,True,1024,0.0036862975,1.6789962e-05,0.00012806065,0.010285745,0.0077749765,0.97614825,0.0019599262
